,0
0,"Back bailout or risk losing it all, Uniper boss tells shareholders"
1,UPDATE 1-German union warns Amazon of rolling pre-Christmas strikes
2,UPDATE 1-'Avatar' sequel opens shy of domestic box office projections
3,4 fast food trends to watch in 2023
4,UPDATE 2-Global nature deal edges closer to reality at U.N. summit
5,Powell Puts US Pay Hikes at Heart of Fed’s 2023 Inflation Fight
6,Vanguard Exit Has Lawyers Mapping Out Wall Street’s Top ESG Risk
7,UPDATE 1-South Africa's ANC gathers to vote on new leader
8,German union warns Amazon of rolling pre-Christmas strikes
9,EU Mulls Lower Gas-Price Cap in Latest Plan to Limit Crisis
